id,thread_id,timestamp,unix_timestamp,link,subject,body,rhetoric,author,author_fullname,author_id,source,language_guess,possibly_sensitive,retweet_count,reply_count,like_count,quote_count,impression_count,is_retweet,retweeted_user,is_quote_tweet,quoted_user,is_reply,replied_user,hashtags,urls,images,videos,mentions,long_lat,place_name
1.60E+18,1.60E+18,12/7/22 10:00,1670403603,https://twitter.com/Brocklesnitch/status/1600429923902291968,,@podesta_lesley ðŸ™�ðŸ�»ðŸ¥°,,Brocklesnitch,Bec Shaw,48525566,,qme,no,0,0,1,0,0,no,,no,,yes,podesta_lesley,,,,,podesta_lesley,,
1.60E+18,1.60E+18,12/7/22 21:46,1670445991,https://twitter.com/lizmorris71/status/1600607714459033600,,"@podesta_lesley @SimonChapman6 @Peter_Fitz Whatâ€™s wrong with my friend Kay wanting to put $10 a week in the pokies? She said she finds that relaxing for a few minutes. Do the Left have to stop everything they donâ€™t like? Horse racing, car racing? My sons enjoy them.",,lizmorris71,Hilary Kendall,1.54E+18,,en,no,0,1,0,0,0,no,,no,,yes,podesta_lesley,,,,,"podesta_lesley,Peter_Fitz,SimonChapman6",,
1.60E+18,1.60E+18,12/7/22 22:43,1670449425,https://twitter.com/Annamarysal/status/1600622118319833089,,"@podesta_lesley Finally got my Christmas shirt ðŸ¥°ðŸ˜�ðŸ˜�
https://t.co/ET5q8GGgjW",,Annamarysal,Anna MARYsal,1.45E+18,,en,no,0,0,0,0,0,no,,no,,yes,podesta_lesley,,http://amazon.com/Christmas-With-My-Gnomies-T-Shirt/dp/B0BN287638/ref=sr_1_1?keywords=Christmas&qid=1669226437&sr=8-1,,,podesta_lesley,,
1.60E+18,1.60E+18,12/8/22 16:27,1670513263,https://twitter.com/owillis/status/1600889872012972033,,RT @annecollier: Three of us resigned from Twitterâ€™s Trust &amp; Safety Council today: @eirliani @podesta_lesley and me. Hereâ€™s why https://t.co/h05TblfGIO https://t.co/iqcHvhbgms,,owillis,Oliver Willis,3497941,,en,no,7310,0,0,0,0,yes,annecollier,no,,no,,,"https://www.netfamilynews.org/members-of-twitters-trust-safety-council-resign-in-protest-against-elon-musks-safety-messages-to-date,https://twitter.com/annecollier/status/1600889250761027585/photo/1",,,"podesta_lesley,annecollier,eirliani",,
1.60E+18,1.60E+18,12/8/22 16:27,1670513266,https://twitter.com/Scott_ology/status/1600889884289683457,,RT @annecollier: Three of us resigned from Twitterâ€™s Trust &amp; Safety Council today: @eirliani @podesta_lesley and me. Hereâ€™s why https://t.co/h05TblfGIO https://t.co/iqcHvhbgms,,Scott_ology,Elon Mush â†™ï¸�ðŸ‡ºðŸ‡¸ðŸ—½ðŸŒŠðŸ�€âš½ï¸�ðŸŒžðŸš´â€�â™‚ï¸�,23707836,,en,no,7310,0,0,0,0,yes,annecollier,no,,no,,,"https://www.netfamilynews.org/members-of-twitters-trust-safety-council-resign-in-protest-against-elon-musks-safety-messages-to-date,https://twitter.com/annecollier/status/1600889250761027585/photo/1",,,"podesta_lesley,annecollier,eirliani",,
1.60E+18,1.60E+18,12/8/22 16:28,1670513319,https://twitter.com/dnp_david/status/1600890107292045322,,RT @annecollier: Three of us resigned from Twitterâ€™s Trust &amp; Safety Council today: @eirliani @podesta_lesley and me. Hereâ€™s why https://t.co/h05TblfGIO https://t.co/iqcHvhbgms,,dnp_david,David Pace,242092101,,en,no,7310,0,0,0,0,yes,annecollier,no,,no,,,"https://www.netfamilynews.org/members-of-twitters-trust-safety-council-resign-in-protest-against-elon-musks-safety-messages-to-date,https://twitter.com/annecollier/status/1600889250761027585/photo/1",,,"podesta_lesley,annecollier,eirliani",,
1.60E+18,1.60E+18,12/8/22 16:28,1670513325,https://twitter.com/Palante64/status/1600890133649276929,,RT @annecollier: Three of us resigned from Twitterâ€™s Trust &amp; Safety Council today: @eirliani @podesta_lesley and me. Hereâ€™s why https://t.co/h05TblfGIO https://t.co/iqcHvhbgms,,Palante64,@Palanteâ˜®ï¸�,2342849420,,en,no,7310,0,0,0,0,yes,annecollier,no,,no,,,"https://www.netfamilynews.org/members-of-twitters-trust-safety-council-resign-in-protest-against-elon-musks-safety-messages-to-date,https://twitter.com/annecollier/status/1600889250761027585/photo/1",,,"podesta_lesley,annecollier,eirliani",,
1.60E+18,1.60E+18,12/8/22 16:28,1670513326,https://twitter.com/Nadja_A1995/status/1600890136648028160,,RT @annecollier: Three of us resigned from Twitterâ€™s Trust &amp; Safety Council today: @eirliani @podesta_lesley and me. Hereâ€™s why https://t.co/h05TblfGIO https://t.co/iqcHvhbgms,,Nadja_A1995,Cartman Returns ðŸ›¡ï¸�,1.58E+18,,en,no,7310,0,0,0,0,yes,annecollier,no,,no,,,"https://www.netfamilynews.org/members-of-twitters-trust-safety-council-resign-in-protest-against-elon-musks-safety-messages-to-date,https://twitter.com/annecollier/status/1600889250761027585/photo/1",,,"podesta_lesley,annecollier,eirliani",,
1.60E+18,1.60E+18,12/8/22 16:29,1670513350,https://twitter.com/MikeOandY/status/1600890238821433344,,RT @annecollier: Three of us resigned from Twitterâ€™s Trust &amp; Safety Council today: @eirliani @podesta_lesley and me. Hereâ€™s why https://t.co/h05TblfGIO https://t.co/iqcHvhbgms,,MikeOandY,Mike O,9.57E+17,,en,no,7310,0,0,0,0,yes,annecollier,no,,no,,,"https://www.netfamilynews.org/members-of-twitters-trust-safety-council-resign-in-protest-against-elon-musks-safety-messages-to-date,https://twitter.com/annecollier/status/1600889250761027585/photo/1",,,"podesta_lesley,annecollier,eirliani",,
1.60E+18,1.60E+18,12/8/22 16:29,1670513355,https://twitter.com/wineaintsweeter/status/1600890259017023489,,RT @annecollier: Three of us resigned from Twitterâ€™s Trust &amp; Safety Council today: @eirliani @podesta_lesley and me. Hereâ€™s why https://t.co/h05TblfGIO https://t.co/iqcHvhbgms,,wineaintsweeter,J,588366298,,en,no,7310,0,0,0,0,yes,annecollier,no,,no,,,"https://www.netfamilynews.org/members-of-twitters-trust-safety-council-resign-in-protest-against-elon-musks-safety-messages-to-date,https://twitter.com/annecollier/status/1600889250761027585/photo/1",,,"podesta_lesley,annecollier,eirliani",,
1.60E+18,1.60E+18,12/8/22 16:29,1670513370,https://twitter.com/scottricketts/status/1600890323508416517,,RT @annecollier: Three of us resigned from Twitterâ€™s Trust &amp; Safety Council today: @eirliani @podesta_lesley and me. Hereâ€™s why https://t.co/h05TblfGIO https://t.co/iqcHvhbgms,,scottricketts,Scott Ricketts,11938612,,en,no,7310,0,0,0,0,yes,annecollier,no,,no,,,"https://www.netfamilynews.org/members-of-twitters-trust-safety-council-resign-in-protest-against-elon-musks-safety-messages-to-date,https://twitter.com/annecollier/status/1600889250761027585/photo/1",,,"podesta_lesley,annecollier,eirliani",,
1.60E+18,1.60E+18,12/8/22 16:29,1670513390,https://twitter.com/nanaslugdiva/status/1600890405670637570,,RT @annecollier: Three of us resigned from Twitterâ€™s Trust &amp; Safety Council today: @eirliani @podesta_lesley and me. Hereâ€™s why https://t.co/h05TblfGIO https://t.co/iqcHvhbgms,,nanaslugdiva,Barbara Smith,129844636,,en,no,7310,0,0,0,0,yes,annecollier,no,,no,,,"https://www.netfamilynews.org/members-of-twitters-trust-safety-council-resign-in-protest-against-elon-musks-safety-messages-to-date,https://twitter.com/annecollier/status/1600889250761027585/photo/1",,,"podesta_lesley,annecollier,eirliani",,
1.60E+18,1.60E+18,12/8/22 16:30,1670513404,https://twitter.com/killawattannie/status/1600890466563543046,,RT @annecollier: Three of us resigned from Twitterâ€™s Trust &amp; Safety Council today: @eirliani @podesta_lesley and me. Hereâ€™s why https://t.co/h05TblfGIO https://t.co/iqcHvhbgms,,killawattannie,AK,222526398,,en,no,7310,0,0,0,0,yes,annecollier,no,,no,,,"https://www.netfamilynews.org/members-of-twitters-trust-safety-council-resign-in-protest-against-elon-musks-safety-messages-to-date,https://twitter.com/annecollier/status/1600889250761027585/photo/1",,,"podesta_lesley,annecollier,eirliani",,
1.60E+18,1.60E+18,12/8/22 16:30,1670513414,https://twitter.com/NoAppleIndian/status/1600890506971467778,,RT @annecollier: Three of us resigned from Twitterâ€™s Trust &amp; Safety Council today: @eirliani @podesta_lesley and me. Hereâ€™s why https://t.co/h05TblfGIO https://t.co/iqcHvhbgms,,NoAppleIndian,REBECCA Oâ€™CONNOR ðŸ†˜ðŸŸ§,9.81E+17,,en,no,7310,0,0,0,0,yes,annecollier,no,,no,,,"https://www.netfamilynews.org/members-of-twitters-trust-safety-council-resign-in-protest-against-elon-musks-safety-messages-to-date,https://twitter.com/annecollier/status/1600889250761027585/photo/1",,,"podesta_lesley,annecollier,eirliani",,
1.60E+18,1.60E+18,12/8/22 16:30,1670513441,https://twitter.com/QuinntoBean/status/1600890620234825728,,thank you all for your work and this letter https://t.co/5B8p66d4b0,,QuinntoBean,Airlie ~ lil MouseWife,8.99E+17,,en,no,0,0,6,0,0,no,,yes,annecollier,no,,,https://twitter.com/annecollier/status/1600889250761027585,,,,,
1.60E+18,1.60E+18,12/8/22 16:30,1670513452,https://twitter.com/ShapingYouth/status/1600890664832487426,,RT @annecollier: Three of us resigned from Twitterâ€™s Trust &amp; Safety Council today: @eirliani @podesta_lesley and me. Hereâ€™s why https://t.co/h05TblfGIO https://t.co/iqcHvhbgms,,ShapingYouth,Amy Jussel,48880548,,en,no,7310,0,0,0,0,yes,annecollier,no,,no,,,"https://www.netfamilynews.org/members-of-twitters-trust-safety-council-resign-in-protest-against-elon-musks-safety-messages-to-date,https://twitter.com/annecollier/status/1600889250761027585/photo/1",,,"podesta_lesley,annecollier,eirliani",,
1.60E+18,1.60E+18,12/8/22 16:30,1670513457,https://twitter.com/acornrest/status/1600890687238868998,,RT @annecollier: Three of us resigned from Twitterâ€™s Trust &amp; Safety Council today: @eirliani @podesta_lesley and me. Hereâ€™s why https://t.co/h05TblfGIO https://t.co/iqcHvhbgms,,acornrest,Stacy g,1309138675,,en,no,7310,0,0,0,0,yes,annecollier,no,,no,,,"https://www.netfamilynews.org/members-of-twitters-trust-safety-council-resign-in-protest-against-elon-musks-safety-messages-to-date,https://twitter.com/annecollier/status/1600889250761027585/photo/1",,,"podesta_lesley,annecollier,eirliani",,
1.60E+18,1.60E+18,12/8/22 16:31,1670513479,https://twitter.com/LizardInCrimson/status/1600890778867597322,,RT @annecollier: Three of us resigned from Twitterâ€™s Trust &amp; Safety Council today: @eirliani @podesta_lesley and me. Hereâ€™s why https://t.co/h05TblfGIO https://t.co/iqcHvhbgms,,LizardInCrimson,ALizardInCrimson,311061735,,en,no,7310,0,0,0,0,yes,annecollier,no,,no,,,"https://www.netfamilynews.org/members-of-twitters-trust-safety-council-resign-in-protest-against-elon-musks-safety-messages-to-date,https://twitter.com/annecollier/status/1600889250761027585/photo/1",,,"podesta_lesley,annecollier,eirliani",,
1.60E+18,1.60E+18,12/8/22 16:31,1670513505,https://twitter.com/LindaLeeKing/status/1600890888640925697,,Just go if you wonâ€™t respect your bossâ€™s right to run his business the way he is ðŸ‘‰ what gives you the right to rule his companyðŸ¤·â€�â™€ï¸� https://t.co/ukT96wM43O,,LindaLeeKing,Linda Lee King,535977623,,en,no,0,0,1,0,0,no,,yes,annecollier,no,,,https://twitter.com/annecollier/status/1600889250761027585,,,,,
1.60E+18,1.60E+18,12/8/22 16:32,1670513531,https://twitter.com/capeo75/status/1600890995855745024,,RT @annecollier: Three of us resigned from Twitterâ€™s Trust &amp; Safety Council today: @eirliani @podesta_lesley and me. Hereâ€™s why https://t.co/h05TblfGIO https://t.co/iqcHvhbgms,,capeo75,Ian,1.03E+18,,en,no,7310,0,0,0,0,yes,annecollier,no,,no,,,"https://www.netfamilynews.org/members-of-twitters-trust-safety-council-resign-in-protest-against-elon-musks-safety-messages-to-date,https://twitter.com/annecollier/status/1600889250761027585/photo/1",,,"podesta_lesley,annecollier,eirliani",,
1.60E+18,1.60E+18,12/8/22 16:32,1670513533,https://twitter.com/fto_sf/status/1600891004260732929,,RT @annecollier: Three of us resigned from Twitterâ€™s Trust &amp; Safety Council today: @eirliani @podesta_lesley and me. Hereâ€™s why https://t.co/h05TblfGIO https://t.co/iqcHvhbgms,,fto_sf,SFtoSF,1.17E+18,,en,no,7310,0,0,0,0,yes,annecollier,no,,no,,,"https://www.netfamilynews.org/members-of-twitters-trust-safety-council-resign-in-protest-against-elon-musks-safety-messages-to-date,https://twitter.com/annecollier/status/1600889250761027585/photo/1",,,"podesta_lesley,annecollier,eirliani",,
1.60E+18,1.60E+18,12/8/22 16:32,1670513536,https://twitter.com/cal_nola_504/status/1600891018223972352,,RT @annecollier: Three of us resigned from Twitterâ€™s Trust &amp; Safety Council today: @eirliani @podesta_lesley and me. Hereâ€™s why https://t.co/h05TblfGIO https://t.co/iqcHvhbgms,,cal_nola_504,Callie,1.21E+18,,en,no,7310,0,0,0,0,yes,annecollier,no,,no,,,"https://www.netfamilynews.org/members-of-twitters-trust-safety-council-resign-in-protest-against-elon-musks-safety-messages-to-date,https://twitter.com/annecollier/status/1600889250761027585/photo/1",,,"podesta_lesley,annecollier,eirliani",,
1.60E+18,1.60E+18,12/8/22 16:32,1670513543,https://twitter.com/tnfeline/status/1600891049085259778,,RT @annecollier: Three of us resigned from Twitterâ€™s Trust &amp; Safety Council today: @eirliani @podesta_lesley and me. Hereâ€™s why https://t.co/h05TblfGIO https://t.co/iqcHvhbgms,,tnfeline,Kathy Eckhardt â˜®ï¸�â�¤ï¸�ðŸŒˆ,8.57E+17,,en,no,7310,0,0,0,0,yes,annecollier,no,,no,,,"https://www.netfamilynews.org/members-of-twitters-trust-safety-council-resign-in-protest-against-elon-musks-safety-messages-to-date,https://twitter.com/annecollier/status/1600889250761027585/photo/1",,,"podesta_lesley,annecollier,eirliani",,
1.60E+18,1.60E+18,12/8/22 16:32,1670513559,https://twitter.com/mumbly_joe/status/1600891116668297216,,RT @annecollier: Three of us resigned from Twitterâ€™s Trust &amp; Safety Council today: @eirliani @podesta_lesley and me. Hereâ€™s why https://t.co/h05TblfGIO https://t.co/iqcHvhbgms,,mumbly_joe,Genuine HIPAA Expert,18741944,,en,no,7310,0,0,0,0,yes,annecollier,no,,no,,,"https://www.netfamilynews.org/members-of-twitters-trust-safety-council-resign-in-protest-against-elon-musks-safety-messages-to-date,https://twitter.com/annecollier/status/1600889250761027585/photo/1",,,"podesta_lesley,annecollier,eirliani",,
1.60E+18,1.60E+18,12/8/22 16:32,1670513570,https://twitter.com/bjfr/status/1600891161585090563,,RT @annecollier: Three of us resigned from Twitterâ€™s Trust &amp; Safety Council today: @eirliani @podesta_lesley and me. Hereâ€™s why https://t.co/h05TblfGIO https://t.co/iqcHvhbgms,,bjfr,Justin Reich,14883339,,en,no,7310,0,0,0,0,yes,annecollier,no,,no,,,"https://www.netfamilynews.org/members-of-twitters-trust-safety-council-resign-in-protest-against-elon-musks-safety-messages-to-date,https://twitter.com/annecollier/status/1600889250761027585/photo/1",,,"podesta_lesley,annecollier,eirliani",,
1.60E+18,1.60E+18,12/8/22 16:33,1670513595,https://twitter.com/GabyDore/status/1600891267193262083,,RT @annecollier: Three of us resigned from Twitterâ€™s Trust &amp; Safety Council today: @eirliani @podesta_lesley and me. Hereâ€™s why https://t.co/h05TblfGIO https://t.co/iqcHvhbgms,,GabyDore,Gaby Dore ðŸŒ»,2167131644,,en,no,7310,0,0,0,0,yes,annecollier,no,,no,,,"https://www.netfamilynews.org/members-of-twitters-trust-safety-council-resign-in-protest-against-elon-musks-safety-messages-to-date,https://twitter.com/annecollier/status/1600889250761027585/photo/1",,,"podesta_lesley,annecollier,eirliani",,
1.60E+18,1.60E+18,12/8/22 16:33,1670513605,https://twitter.com/SearinglyAaron/status/1600891308356571137,,RT @annecollier: Three of us resigned from Twitterâ€™s Trust &amp; Safety Council today: @eirliani @podesta_lesley and me. Hereâ€™s why https://t.co/h05TblfGIO https://t.co/iqcHvhbgms,,SearinglyAaron,A A ðŸ‡ºðŸ‡¸ ðŸ‡ºðŸ‡¦,49387498,,en,no,7310,0,0,0,0,yes,annecollier,no,,no,,,"https://www.netfamilynews.org/members-of-twitters-trust-safety-council-resign-in-protest-against-elon-musks-safety-messages-to-date,https://twitter.com/annecollier/status/1600889250761027585/photo/1",,,"podesta_lesley,annecollier,eirliani",,
1.60E+18,1.60E+18,12/8/22 16:33,1670513614,https://twitter.com/DragonFly34343/status/1600891345480318976,,RT @annecollier: Three of us resigned from Twitterâ€™s Trust &amp; Safety Council today: @eirliani @podesta_lesley and me. Hereâ€™s why https://t.co/h05TblfGIO https://t.co/iqcHvhbgms,,DragonFly34343,DragonflyMarnee ðŸŒ»ðŸŒ»,983264047,,en,no,7310,0,0,0,0,yes,annecollier,no,,no,,,"https://www.netfamilynews.org/members-of-twitters-trust-safety-council-resign-in-protest-against-elon-musks-safety-messages-to-date,https://twitter.com/annecollier/status/1600889250761027585/photo/1",,,"podesta_lesley,annecollier,eirliani",,
1.60E+18,1.60E+18,12/8/22 16:33,1670513616,https://twitter.com/dubblmum/status/1600891353872748551,,RT @annecollier: Three of us resigned from Twitterâ€™s Trust &amp; Safety Council today: @eirliani @podesta_lesley and me. Hereâ€™s why https://t.co/h05TblfGIO https://t.co/iqcHvhbgms,,dubblmum,LMM ðŸŒŠðŸ—½ðŸ‘©â€�ðŸ’»â™¥ï¸�ðŸ�³ï¸�â€�ðŸŒˆ,317515297,,en,no,7310,0,0,0,0,yes,annecollier,no,,no,,,"https://www.netfamilynews.org/members-of-twitters-trust-safety-council-resign-in-protest-against-elon-musks-safety-messages-to-date,https://twitter.com/annecollier/status/1600889250761027585/photo/1",,,"podesta_lesley,annecollier,eirliani",,
1.60E+18,1.60E+18,12/8/22 16:33,1670513620,https://twitter.com/iowakathy/status/1600891372479082496,,RT @annecollier: Three of us resigned from Twitterâ€™s Trust &amp; Safety Council today: @eirliani @podesta_lesley and me. Hereâ€™s why https://t.co/h05TblfGIO https://t.co/iqcHvhbgms,,iowakathy,iowakathyðŸ�ˆðŸ�ˆðŸ‡ºðŸ‡¸ðŸ‡ºðŸ‡¦mask on! ðŸ˜· Vaccinated!!,15440629,,en,no,7310,0,0,0,0,yes,annecollier,no,,no,,,"https://www.netfamilynews.org/members-of-twitters-trust-safety-council-resign-in-protest-against-elon-musks-safety-messages-to-date,https://twitter.com/annecollier/status/1600889250761027585/photo/1",,,"podesta_lesley,annecollier,eirliani",,
1.60E+18,1.60E+18,12/8/22 16:34,1670513649,https://twitter.com/H0NEYRIVER/status/1600891490959380489,,RT @annecollier: Three of us resigned from Twitterâ€™s Trust &amp; Safety Council today: @eirliani @podesta_lesley and me. Hereâ€™s why https://t.co/h05TblfGIO https://t.co/iqcHvhbgms,,H0NEYRIVER,"Naomi, not a uterus haver",1.04E+18,,en,no,7310,0,0,0,0,yes,annecollier,no,,no,,,"https://www.netfamilynews.org/members-of-twitters-trust-safety-council-resign-in-protest-against-elon-musks-safety-messages-to-date,https://twitter.com/annecollier/status/1600889250761027585/photo/1",,,"podesta_lesley,annecollier,eirliani",,
1.60E+18,1.60E+18,12/8/22 16:34,1670513684,https://twitter.com/radiancelis/status/1600891639794257921,,RT @annecollier: Three of us resigned from Twitterâ€™s Trust &amp; Safety Council today: @eirliani @podesta_lesley and me. Hereâ€™s why https://t.co/h05TblfGIO https://t.co/iqcHvhbgms,,radiancelis,Lis Total Landscaping,14928462,,en,no,7310,0,0,0,0,yes,annecollier,no,,no,,,"https://www.netfamilynews.org/members-of-twitters-trust-safety-council-resign-in-protest-against-elon-musks-safety-messages-to-date,https://twitter.com/annecollier/status/1600889250761027585/photo/1",,,"podesta_lesley,annecollier,eirliani",,
1.60E+18,1.60E+18,12/8/22 16:36,1670513761,https://twitter.com/Sliksmiley/status/1600891960713220097,,RT @annecollier: Three of us resigned from Twitterâ€™s Trust &amp; Safety Council today: @eirliani @podesta_lesley and me. Hereâ€™s why https://t.co/h05TblfGIO https://t.co/iqcHvhbgms,,Sliksmiley,Shana,51859810,,en,no,7310,0,0,0,0,yes,annecollier,no,,no,,,"https://www.netfamilynews.org/members-of-twitters-trust-safety-council-resign-in-protest-against-elon-musks-safety-messages-to-date,https://twitter.com/annecollier/status/1600889250761027585/photo/1",,,"podesta_lesley,annecollier,eirliani",,
1.60E+18,1.60E+18,12/8/22 16:36,1670513790,https://twitter.com/illitique/status/1600892082926669828,,RT @annecollier: Three of us resigned from Twitterâ€™s Trust &amp; Safety Council today: @eirliani @podesta_lesley and me. Hereâ€™s why https://t.co/h05TblfGIO https://t.co/iqcHvhbgms,,illitique,illi,22020615,,en,no,7310,0,0,0,0,yes,annecollier,no,,no,,,"https://www.netfamilynews.org/members-of-twitters-trust-safety-council-resign-in-protest-against-elon-musks-safety-messages-to-date,https://twitter.com/annecollier/status/1600889250761027585/photo/1",,,"podesta_lesley,annecollier,eirliani",,
1.60E+18,1.60E+18,12/8/22 16:36,1670513790,https://twitter.com/Mystics_Blues/status/1600892081530343425,,RT @annecollier: Three of us resigned from Twitterâ€™s Trust &amp; Safety Council today: @eirliani @podesta_lesley and me. Hereâ€™s why https://t.co/h05TblfGIO https://t.co/iqcHvhbgms,,Mystics_Blues,Blue Muse,29400182,,en,no,7310,0,0,0,0,yes,annecollier,no,,no,,,"https://www.netfamilynews.org/members-of-twitters-trust-safety-council-resign-in-protest-against-elon-musks-safety-messages-to-date,https://twitter.com/annecollier/status/1600889250761027585/photo/1",,,"podesta_lesley,annecollier,eirliani",,
1.60E+18,1.60E+18,12/8/22 16:36,1670513817,https://twitter.com/CraigSangster2/status/1600892198048108545,,Dripâ€¦dripâ€¦dripâ€¦ https://t.co/G2kS1dsrcf,,CraigSangster2,Craig Sangster,8.64E+17,,en,no,0,0,1,0,0,no,,yes,annecollier,no,,,https://twitter.com/annecollier/status/1600889250761027585,,,,,
1.60E+18,1.60E+18,12/8/22 16:38,1670513939,https://twitter.com/johnarmenta/status/1600892709538910212,,RT @annecollier: Three of us resigned from Twitterâ€™s Trust &amp; Safety Council today: @eirliani @podesta_lesley and me. Hereâ€™s why https://t.co/h05TblfGIO https://t.co/iqcHvhbgms,,johnarmenta,John Armenta,173493333,,en,no,7310,0,0,0,0,yes,annecollier,no,,no,,,"https://www.netfamilynews.org/members-of-twitters-trust-safety-council-resign-in-protest-against-elon-musks-safety-messages-to-date,https://twitter.com/annecollier/status/1600889250761027585/photo/1",,,"podesta_lesley,annecollier,eirliani",,
1.60E+18,1.60E+18,12/8/22 16:39,1670513941,https://twitter.com/oracoraque/status/1600892715549347844,,RT @annecollier: Three of us resigned from Twitterâ€™s Trust &amp; Safety Council today: @eirliani @podesta_lesley and me. Hereâ€™s why https://t.co/h05TblfGIO https://t.co/iqcHvhbgms,,oracoraque,@orac@mastodon.social,117941270,,en,no,7310,0,0,0,0,yes,annecollier,no,,no,,,"https://www.netfamilynews.org/members-of-twitters-trust-safety-council-resign-in-protest-against-elon-musks-safety-messages-to-date,https://twitter.com/annecollier/status/1600889250761027585/photo/1",,,"podesta_lesley,annecollier,eirliani",,
1.60E+18,1.60E+18,12/8/22 16:39,1670513954,https://twitter.com/digiphile/status/1600892772830957571,,RT @annecollier: Three of us resigned from Twitterâ€™s Trust &amp; Safety Council today: @eirliani @podesta_lesley and me. Hereâ€™s why https://t.co/h05TblfGIO https://t.co/iqcHvhbgms,,digiphile,Alex Howard,1175221,,en,no,7310,0,0,0,0,yes,annecollier,no,,no,,,"https://www.netfamilynews.org/members-of-twitters-trust-safety-council-resign-in-protest-against-elon-musks-safety-messages-to-date,https://twitter.com/annecollier/status/1600889250761027585/photo/1",,,"podesta_lesley,annecollier,eirliani",,
1.60E+18,1.60E+18,12/8/22 16:40,1670514008,https://twitter.com/JeffGreeneLearn/status/1600892996815179784,,RT @annecollier: Three of us resigned from Twitterâ€™s Trust &amp; Safety Council today: @eirliani @podesta_lesley and me. Hereâ€™s why https://t.co/h05TblfGIO https://t.co/iqcHvhbgms,,JeffGreeneLearn,Jeff Greene isn't really here anymore.,1225704307,,en,no,7310,0,0,0,0,yes,annecollier,no,,no,,,"https://www.netfamilynews.org/members-of-twitters-trust-safety-council-resign-in-protest-against-elon-musks-safety-messages-to-date,https://twitter.com/annecollier/status/1600889250761027585/photo/1",,,"podesta_lesley,annecollier,eirliani",,
1.60E+18,1.60E+18,12/8/22 16:41,1670514086,https://twitter.com/dcm444/status/1600893323656298504,,RT @annecollier: Three of us resigned from Twitterâ€™s Trust &amp; Safety Council today: @eirliani @podesta_lesley and me. Hereâ€™s why https://t.co/h05TblfGIO https://t.co/iqcHvhbgms,,dcm444,Dcm444,92601749,,en,no,7310,0,0,0,0,yes,annecollier,no,,no,,,"https://www.netfamilynews.org/members-of-twitters-trust-safety-council-resign-in-protest-against-elon-musks-safety-messages-to-date,https://twitter.com/annecollier/status/1600889250761027585/photo/1",,,"podesta_lesley,annecollier,eirliani",,
1.60E+18,1.60E+18,12/8/22 16:42,1670514132,https://twitter.com/ShapingYouth/status/1600893518473760768,,"@annecollier @eirliani @podesta_lesley welp, this just rang as a loud gong in my head that it's truly not salvageable. Seeing so many hard working, intelligent leaders in the safety sphere bow out given the needless destruction of what was once my favorite place for timely info/news and au courant #journo makes me sad",,ShapingYouth,Amy Jussel,48880548,,en,no,1,60,40,2,0,no,,no,,yes,annecollier,journo,,,,"podesta_lesley,annecollier,eirliani",,
1.60E+18,1.60E+18,12/8/22 16:44,1670514258,https://twitter.com/sistergldnhair1/status/1600894046368514054,,RT @annecollier: Three of us resigned from Twitterâ€™s Trust &amp; Safety Council today: @eirliani @podesta_lesley and me. Hereâ€™s why https://t.co/h05TblfGIO https://t.co/iqcHvhbgms,,sistergldnhair1,thesistergldnhair@gm,3424922027,,en,no,7310,0,0,0,0,yes,annecollier,no,,no,,,"https://www.netfamilynews.org/members-of-twitters-trust-safety-council-resign-in-protest-against-elon-musks-safety-messages-to-date,https://twitter.com/annecollier/status/1600889250761027585/photo/1",,,"podesta_lesley,annecollier,eirliani",,
1.60E+18,1.60E+18,12/8/22 16:45,1670514340,https://twitter.com/wijndeer/status/1600894390083653632,,RT @annecollier: Three of us resigned from Twitterâ€™s Trust &amp; Safety Council today: @eirliani @podesta_lesley and me. Hereâ€™s why https://t.co/h05TblfGIO https://t.co/iqcHvhbgms,,wijndeer,just some dipshit in Chicago,1.03E+18,,en,no,7310,0,0,0,0,yes,annecollier,no,,no,,,"https://www.netfamilynews.org/members-of-twitters-trust-safety-council-resign-in-protest-against-elon-musks-safety-messages-to-date,https://twitter.com/annecollier/status/1600889250761027585/photo/1",,,"podesta_lesley,annecollier,eirliani",,
1.60E+18,1.60E+18,12/8/22 16:47,1670514423,https://twitter.com/Texttexas/status/1600894739142029315,,RT @annecollier: Three of us resigned from Twitterâ€™s Trust &amp; Safety Council today: @eirliani @podesta_lesley and me. Hereâ€™s why https://t.co/h05TblfGIO https://t.co/iqcHvhbgms,,Texttexas,Teddie ðŸ�”ï¸�ðŸ’™,3288887328,,en,no,7310,0,0,0,0,yes,annecollier,no,,no,,,"https://www.netfamilynews.org/members-of-twitters-trust-safety-council-resign-in-protest-against-elon-musks-safety-messages-to-date,https://twitter.com/annecollier/status/1600889250761027585/photo/1",,,"podesta_lesley,annecollier,eirliani",,
1.60E+18,1.60E+18,12/8/22 16:47,1670514434,https://twitter.com/chuckveee/status/1600894785430380545,,RT @annecollier: Three of us resigned from Twitterâ€™s Trust &amp; Safety Council today: @eirliani @podesta_lesley and me. Hereâ€™s why https://t.co/h05TblfGIO https://t.co/iqcHvhbgms,,chuckveee,ðŸ‡ºðŸ‡¸ ChuckVee ðŸ‡ºðŸ‡¸,2511341562,,en,no,7310,0,0,0,0,yes,annecollier,no,,no,,,"https://www.netfamilynews.org/members-of-twitters-trust-safety-council-resign-in-protest-against-elon-musks-safety-messages-to-date,https://twitter.com/annecollier/status/1600889250761027585/photo/1",,,"podesta_lesley,annecollier,eirliani",,
1.60E+18,1.60E+18,12/8/22 16:49,1670514570,https://twitter.com/ericmwebb1/status/1600895356899708929,,RT @annecollier: Three of us resigned from Twitterâ€™s Trust &amp; Safety Council today: @eirliani @podesta_lesley and me. Hereâ€™s why https://t.co/h05TblfGIO https://t.co/iqcHvhbgms,,ericmwebb1,EWðŸ�´â€�â˜ ï¸�ðŸ‡ºðŸ‡¦,2930064539,,en,no,7310,0,0,0,0,yes,annecollier,no,,no,,,"https://www.netfamilynews.org/members-of-twitters-trust-safety-council-resign-in-protest-against-elon-musks-safety-messages-to-date,https://twitter.com/annecollier/status/1600889250761027585/photo/1",,,"podesta_lesley,annecollier,eirliani",,
1.60E+18,1.60E+18,12/8/22 16:51,1670514664,https://twitter.com/lm_silbaugh/status/1600895749503393792,,RT @annecollier: Three of us resigned from Twitterâ€™s Trust &amp; Safety Council today: @eirliani @podesta_lesley and me. Hereâ€™s why https://t.co/h05TblfGIO https://t.co/iqcHvhbgms,,lm_silbaugh,LM Silbaugh,1.26E+18,,en,no,7310,0,0,0,0,yes,annecollier,no,,no,,,"https://www.netfamilynews.org/members-of-twitters-trust-safety-council-resign-in-protest-against-elon-musks-safety-messages-to-date,https://twitter.com/annecollier/status/1600889250761027585/photo/1",,,"podesta_lesley,annecollier,eirliani",,
1.60E+18,1.60E+18,12/8/22 16:52,1670514743,https://twitter.com/SunlightShine55/status/1600896080102948869,,"@elizableu Some resignations from Twitter's old ""Safety"" group. I'll pass this on to someone that likes to dig. 
https://t.co/dbhyVVhEgM",,SunlightShine55,Stacey Celebrates Traditions,1.49E+18,,en,no,0,0,0,0,0,no,,yes,annecollier,yes,elizableu,,https://twitter.com/annecollier/status/1600889250761027585,,,elizableu,,
1.60E+18,1.60E+18,12/8/22 16:55,1670514932,https://twitter.com/Pharniel/status/1600896874386432006,,RT @annecollier: Three of us resigned from Twitterâ€™s Trust &amp; Safety Council today: @eirliani @podesta_lesley and me. Hereâ€™s why https://t.co/h05TblfGIO https://t.co/iqcHvhbgms,,Pharniel,Sloppily Translated Burger,546526833,,en,no,7310,0,0,0,0,yes,annecollier,no,,no,,,"https://www.netfamilynews.org/members-of-twitters-trust-safety-council-resign-in-protest-against-elon-musks-safety-messages-to-date,https://twitter.com/annecollier/status/1600889250761027585/photo/1",,,"podesta_lesley,annecollier,eirliani",,
1.60E+18,1.60E+18,12/8/22 17:01,1670515287,https://twitter.com/urfagundem/status/1600898361766596608,,RT @annecollier: Three of us resigned from Twitterâ€™s Trust &amp; Safety Council today: @eirliani @podesta_lesley and me. Hereâ€™s why https://t.co/h05TblfGIO https://t.co/iqcHvhbgms,,urfagundem,UrfaGundem,1636082563,,en,no,7310,0,0,0,0,yes,annecollier,no,,no,,,"https://www.netfamilynews.org/members-of-twitters-trust-safety-council-resign-in-protest-against-elon-musks-safety-messages-to-date,https://twitter.com/annecollier/status/1600889250761027585/photo/1",,,"podesta_lesley,annecollier,eirliani",,
1.60E+18,1.60E+18,12/8/22 17:02,1670515376,https://twitter.com/kellytheduchess/status/1600898737131642880,,RT @annecollier: Three of us resigned from Twitterâ€™s Trust &amp; Safety Council today: @eirliani @podesta_lesley and me. Hereâ€™s why https://t.co/h05TblfGIO https://t.co/iqcHvhbgms,,kellytheduchess,Kells Bells,469816685,,en,no,7310,0,0,0,0,yes,annecollier,no,,no,,,"https://www.netfamilynews.org/members-of-twitters-trust-safety-council-resign-in-protest-against-elon-musks-safety-messages-to-date,https://twitter.com/annecollier/status/1600889250761027585/photo/1",,,"podesta_lesley,annecollier,eirliani",,
1.60E+18,1.60E+18,12/8/22 17:03,1670515412,https://twitter.com/Eaglefly124/status/1600898887409348608,,RT @annecollier: Three of us resigned from Twitterâ€™s Trust &amp; Safety Council today: @eirliani @podesta_lesley and me. Hereâ€™s why https://t.co/h05TblfGIO https://t.co/iqcHvhbgms,,Eaglefly124,Michelle,250015349,,en,no,7310,0,0,0,0,yes,annecollier,no,,no,,,"https://www.netfamilynews.org/members-of-twitters-trust-safety-council-resign-in-protest-against-elon-musks-safety-messages-to-date,https://twitter.com/annecollier/status/1600889250761027585/photo/1",,,"podesta_lesley,annecollier,eirliani",,
1.60E+18,1.60E+18,12/8/22 17:08,1670515692,https://twitter.com/pauljadam/status/1600900059172077569,,RT @annecollier: Three of us resigned from Twitterâ€™s Trust &amp; Safety Council today: @eirliani @podesta_lesley and me. Hereâ€™s why https://t.co/h05TblfGIO https://t.co/iqcHvhbgms,,pauljadam,Paul J. Adam,24923263,,en,no,7310,0,0,0,0,yes,annecollier,no,,no,,,"https://www.netfamilynews.org/members-of-twitters-trust-safety-council-resign-in-protest-against-elon-musks-safety-messages-to-date,https://twitter.com/annecollier/status/1600889250761027585/photo/1",,,"podesta_lesley,annecollier,eirliani",,
1.60E+18,1.60E+18,12/8/22 17:11,1670515863,https://twitter.com/stand4sumtin/status/1600900777349943296,,RT @annecollier: Three of us resigned from Twitterâ€™s Trust &amp; Safety Council today: @eirliani @podesta_lesley and me. Hereâ€™s why https://t.co/h05TblfGIO https://t.co/iqcHvhbgms,,stand4sumtin,ðŸ‡ºðŸ‡¸Woke Patriotic Cats ðŸ‡ºðŸ‡¦ ðŸŸ§republicans r lying,1.20E+18,,en,no,7310,0,0,0,0,yes,annecollier,no,,no,,,"https://www.netfamilynews.org/members-of-twitters-trust-safety-council-resign-in-protest-against-elon-musks-safety-messages-to-date,https://twitter.com/annecollier/status/1600889250761027585/photo/1",,,"podesta_lesley,annecollier,eirliani",,
1.60E+18,1.60E+18,12/8/22 17:13,1670516027,https://twitter.com/jburkespraker/status/1600901464456560640,,RT @annecollier: Three of us resigned from Twitterâ€™s Trust &amp; Safety Council today: @eirliani @podesta_lesley and me. Hereâ€™s why https://t.co/h05TblfGIO https://t.co/iqcHvhbgms,,jburkespraker,Jean Burke-Spraker,1454723053,,en,no,7310,0,0,0,0,yes,annecollier,no,,no,,,"https://www.netfamilynews.org/members-of-twitters-trust-safety-council-resign-in-protest-against-elon-musks-safety-messages-to-date,https://twitter.com/annecollier/status/1600889250761027585/photo/1",,,"podesta_lesley,annecollier,eirliani",,
1.60E+18,1.60E+18,12/8/22 17:36,1670517390,https://twitter.com/KathyBarger7/status/1600907182576644096,,RT @annecollier: Three of us resigned from Twitterâ€™s Trust &amp; Safety Council today: @eirliani @podesta_lesley and me. Hereâ€™s why https://t.co/h05TblfGIO https://t.co/iqcHvhbgms,,KathyBarger7,Kathy Barger,9.01E+17,,en,no,7310,0,0,0,0,yes,annecollier,no,,no,,,"https://www.netfamilynews.org/members-of-twitters-trust-safety-council-resign-in-protest-against-elon-musks-safety-messages-to-date,https://twitter.com/annecollier/status/1600889250761027585/photo/1",,,"podesta_lesley,annecollier,eirliani",,
1.60E+18,1.60E+18,12/8/22 17:39,1670517594,https://twitter.com/Dasani_01/status/1600908037367091200,,RT @annecollier: Three of us resigned from Twitterâ€™s Trust &amp; Safety Council today: @eirliani @podesta_lesley and me. Hereâ€™s why https://t.co/h05TblfGIO https://t.co/iqcHvhbgms,,Dasani_01,Dasani,20883852,,en,no,7310,0,0,0,0,yes,annecollier,no,,no,,,"https://www.netfamilynews.org/members-of-twitters-trust-safety-council-resign-in-protest-against-elon-musks-safety-messages-to-date,https://twitter.com/annecollier/status/1600889250761027585/photo/1",,,"podesta_lesley,annecollier,eirliani",,
1.60E+18,1.60E+18,12/8/22 17:48,1670518110,https://twitter.com/morvabowman/status/1600910203834503168,,RT @annecollier: Three of us resigned from Twitterâ€™s Trust &amp; Safety Council today: @eirliani @podesta_lesley and me. Hereâ€™s why https://t.co/h05TblfGIO https://t.co/iqcHvhbgms,,morvabowman,morvabowman ðŸ‡¨ðŸ‡¦,17540700,,en,no,7310,0,0,0,0,yes,annecollier,no,,no,,,"https://www.netfamilynews.org/members-of-twitters-trust-safety-council-resign-in-protest-against-elon-musks-safety-messages-to-date,https://twitter.com/annecollier/status/1600889250761027585/photo/1",,,"podesta_lesley,annecollier,eirliani",,
1.60E+18,1.60E+18,12/8/22 18:02,1670518964,https://twitter.com/ApocalypticaNow/status/1600913783429660674,,RT @annecollier: Three of us resigned from Twitterâ€™s Trust &amp; Safety Council today: @eirliani @podesta_lesley and me. Hereâ€™s why https://t.co/h05TblfGIO https://t.co/iqcHvhbgms,,ApocalypticaNow,Apocalyptica,2297330653,,en,no,7310,0,0,0,0,yes,annecollier,no,,no,,,"https://www.netfamilynews.org/members-of-twitters-trust-safety-council-resign-in-protest-against-elon-musks-safety-messages-to-date,https://twitter.com/annecollier/status/1600889250761027585/photo/1",,,"podesta_lesley,annecollier,eirliani",,
1.60E+18,1.60E+18,12/8/22 18:06,1670519203,https://twitter.com/donaldknewell/status/1600914785335332867,,RT @annecollier: Three of us resigned from Twitterâ€™s Trust &amp; Safety Council today: @eirliani @podesta_lesley and me. Hereâ€™s why https://t.co/h05TblfGIO https://t.co/iqcHvhbgms,,donaldknewell,Donald Newell,2390205798,,en,no,7310,0,0,0,0,yes,annecollier,no,,no,,,"https://www.netfamilynews.org/members-of-twitters-trust-safety-council-resign-in-protest-against-elon-musks-safety-messages-to-date,https://twitter.com/annecollier/status/1600889250761027585/photo/1",,,"podesta_lesley,annecollier,eirliani",,
1.60E+18,1.60E+18,12/8/22 18:12,1670519536,https://twitter.com/sandralhanlon/status/1600916185381572611,,RT @annecollier: Three of us resigned from Twitterâ€™s Trust &amp; Safety Council today: @eirliani @podesta_lesley and me. Hereâ€™s why https://t.co/h05TblfGIO https://t.co/iqcHvhbgms,,sandralhanlon,Sandra Hanlon,367271007,,en,no,7310,0,0,0,0,yes,annecollier,no,,no,,,"https://www.netfamilynews.org/members-of-twitters-trust-safety-council-resign-in-protest-against-elon-musks-safety-messages-to-date,https://twitter.com/annecollier/status/1600889250761027585/photo/1",,,"podesta_lesley,annecollier,eirliani",,
1.60E+18,1.60E+18,12/8/22 18:31,1670520710,https://twitter.com/elemenous/status/1600921107745284096,,RT @annecollier: Three of us resigned from Twitterâ€™s Trust &amp; Safety Council today: @eirliani @podesta_lesley and me. Hereâ€™s why https://t.co/h05TblfGIO https://t.co/iqcHvhbgms,,elemenous,Lucy Gray ðŸŒ»ðŸ‡ºðŸ‡¦,678403,,en,no,7310,0,0,0,0,yes,annecollier,no,,no,,,"https://www.netfamilynews.org/members-of-twitters-trust-safety-council-resign-in-protest-against-elon-musks-safety-messages-to-date,https://twitter.com/annecollier/status/1600889250761027585/photo/1",,,"podesta_lesley,annecollier,eirliani",,
1.60E+18,1.60E+18,12/8/22 18:43,1670521403,https://twitter.com/LizzyLaurie/status/1600924013358092288,,RT @annecollier: Three of us resigned from Twitterâ€™s Trust &amp; Safety Council today: @eirliani @podesta_lesley and me. Hereâ€™s why https://t.co/h05TblfGIO https://t.co/iqcHvhbgms,,LizzyLaurie,Liz is unimpressed,842608134,,en,no,7310,0,0,0,0,yes,annecollier,no,,no,,,"https://www.netfamilynews.org/members-of-twitters-trust-safety-council-resign-in-protest-against-elon-musks-safety-messages-to-date,https://twitter.com/annecollier/status/1600889250761027585/photo/1",,,"podesta_lesley,annecollier,eirliani",,
1.60E+18,1.60E+18,12/8/22 18:43,1670521437,https://twitter.com/RobinJM/status/1600924158325448704,,RT @annecollier: Three of us resigned from Twitterâ€™s Trust &amp; Safety Council today: @eirliani @podesta_lesley and me. Hereâ€™s why https://t.co/h05TblfGIO https://t.co/iqcHvhbgms,,RobinJM,Robin Mencher,26547224,,en,no,7310,0,0,0,0,yes,annecollier,no,,no,,,"https://www.netfamilynews.org/members-of-twitters-trust-safety-council-resign-in-protest-against-elon-musks-safety-messages-to-date,https://twitter.com/annecollier/status/1600889250761027585/photo/1",,,"podesta_lesley,annecollier,eirliani",,
1.60E+18,1.60E+18,12/8/22 18:46,1670521565,https://twitter.com/RobinJM/status/1600924693346676736,,.@annecollier @eirliani @podesta_lesley Thank you for your service and leadership. https://t.co/UobpeTeTbw,,RobinJM,Robin Mencher,26547224,,en,no,0,0,0,0,0,no,,yes,annecollier,no,,,https://twitter.com/annecollier/status/1600889250761027585,,,"podesta_lesley,annecollier,eirliani",,
1.60E+18,1.60E+18,12/8/22 18:49,1670521770,https://twitter.com/roschkekj/status/1600925553397100544,,RT @annecollier: Three of us resigned from Twitterâ€™s Trust &amp; Safety Council today: @eirliani @podesta_lesley and me. Hereâ€™s why https://t.co/h05TblfGIO https://t.co/iqcHvhbgms,,roschkekj,Kristy Roschke,15314324,,en,no,7310,0,0,0,0,yes,annecollier,no,,no,,,"https://www.netfamilynews.org/members-of-twitters-trust-safety-council-resign-in-protest-against-elon-musks-safety-messages-to-date,https://twitter.com/annecollier/status/1600889250761027585/photo/1",,,"podesta_lesley,annecollier,eirliani",,
1.60E+18,1.60E+18,12/8/22 19:10,1670523037,https://twitter.com/emeyerson/status/1600930869996228608,,"@annecollier @eirliani @podesta_lesley I've continued to file reports over the past few weeks, when I see violent threats and hateful slurs. I've gotten responses over the past week that none of these violate their rules. Hate speech and calls for violence are now protected by Twitter.",,emeyerson,"Emey, this website is falling apart",15436436,,en,no,1,53,51,2,0,no,,no,,yes,annecollier,,,,,"podesta_lesley,annecollier,eirliani",,
1.60E+18,1.60E+18,12/8/22 19:17,1670523434,https://twitter.com/podesta_lesley/status/1600932533025140736,,RT @annecollier: Three of us resigned from Twitterâ€™s Trust &amp; Safety Council today: @eirliani @podesta_lesley and me. Hereâ€™s why https://t.co/h05TblfGIO https://t.co/iqcHvhbgms,,podesta_lesley,Lesley Podesta,1100253949,,en,no,7310,0,0,0,0,yes,annecollier,no,,no,,,"https://www.netfamilynews.org/members-of-twitters-trust-safety-council-resign-in-protest-against-elon-musks-safety-messages-to-date,https://twitter.com/annecollier/status/1600889250761027585/photo/1",,,"podesta_lesley,annecollier,eirliani",,
1.60E+18,1.60E+18,12/8/22 19:22,1670523776,https://twitter.com/Sharon_Bowen59/status/1600933967334903809,,RT @annecollier: Three of us resigned from Twitterâ€™s Trust &amp; Safety Council today: @eirliani @podesta_lesley and me. Hereâ€™s why https://t.co/h05TblfGIO https://t.co/iqcHvhbgms,,Sharon_Bowen59,Sharon Bowen ðŸ˜Š,7.84E+17,,en,no,7310,0,0,0,0,yes,annecollier,no,,no,,,"https://www.netfamilynews.org/members-of-twitters-trust-safety-council-resign-in-protest-against-elon-musks-safety-messages-to-date,https://twitter.com/annecollier/status/1600889250761027585/photo/1",,,"podesta_lesley,annecollier,eirliani",,
1.60E+18,1.60E+18,12/8/22 19:29,1670524167,https://twitter.com/vick08/status/1600935608116908032,,RT @annecollier: Three of us resigned from Twitterâ€™s Trust &amp; Safety Council today: @eirliani @podesta_lesley and me. Hereâ€™s why https://t.co/h05TblfGIO https://t.co/iqcHvhbgms,,vick08,ðŸŒ»,16618161,,en,no,7310,0,0,0,0,yes,annecollier,no,,no,,,"https://www.netfamilynews.org/members-of-twitters-trust-safety-council-resign-in-protest-against-elon-musks-safety-messages-to-date,https://twitter.com/annecollier/status/1600889250761027585/photo/1",,,"podesta_lesley,annecollier,eirliani",,
1.60E+18,1.60E+18,12/8/22 19:35,1670524511,https://twitter.com/SophieToupie/status/1600937051071053824,,RT @annecollier: Three of us resigned from Twitterâ€™s Trust &amp; Safety Council today: @eirliani @podesta_lesley and me. Hereâ€™s why https://t.co/h05TblfGIO https://t.co/iqcHvhbgms,,SophieToupie,SophieToupie,14922420,,en,no,7310,0,0,0,0,yes,annecollier,no,,no,,,"https://www.netfamilynews.org/members-of-twitters-trust-safety-council-resign-in-protest-against-elon-musks-safety-messages-to-date,https://twitter.com/annecollier/status/1600889250761027585/photo/1",,,"podesta_lesley,annecollier,eirliani",,
1.60E+18,1.60E+18,12/8/22 19:40,1670524827,https://twitter.com/podesta_lesley/status/1600938375766122496,,"Three of us resigned today. There was a sense that itâ€™s just becoming empty words now, so depressing watching the breakdown of a culture that worked hard to get policies on safety &amp; moderation right @karahinesley @karaswisher @tweetinjules @profgalloway https://t.co/XgHHtu7Zp5",,podesta_lesley,Lesley Podesta,1100253949,,en,no,28,115,73,22,0,no,,yes,annecollier,no,,,https://twitter.com/annecollier/status/1600889250761027585,,,"karaswisher,karahinesley,tweetinjules,profgalloway",,
1.60E+18,1.60E+18,12/8/22 19:45,1670525146,https://twitter.com/Profteaspoon/status/1600939716077309954,,RT @annecollier: Three of us resigned from Twitterâ€™s Trust &amp; Safety Council today: @eirliani @podesta_lesley and me. Hereâ€™s why https://t.co/h05TblfGIO https://t.co/iqcHvhbgms,,Profteaspoon,Tammy Peery,2906513861,,en,no,7310,0,0,0,0,yes,annecollier,no,,no,,,"https://www.netfamilynews.org/members-of-twitters-trust-safety-council-resign-in-protest-against-elon-musks-safety-messages-to-date,https://twitter.com/annecollier/status/1600889250761027585/photo/1",,,"podesta_lesley,annecollier,eirliani",,
1.60E+18,1.60E+18,12/8/22 19:58,1670525936,https://twitter.com/wvherriott/status/1600943029514215425,,RT @annecollier: Three of us resigned from Twitterâ€™s Trust &amp; Safety Council today: @eirliani @podesta_lesley and me. Hereâ€™s why https://t.co/h05TblfGIO https://t.co/iqcHvhbgms,,wvherriott,DarkGable,1.34E+18,,en,no,7310,0,0,0,0,yes,annecollier,no,,no,,,"https://www.netfamilynews.org/members-of-twitters-trust-safety-council-resign-in-protest-against-elon-musks-safety-messages-to-date,https://twitter.com/annecollier/status/1600889250761027585/photo/1",,,"podesta_lesley,annecollier,eirliani",,
1.60E+18,1.60E+18,12/8/22 20:29,1670527795,https://twitter.com/InsightersEd/status/1600950824653684739,,@annecollier @eirliani @podesta_lesley Props for taking a stand against the ways that Musk has distorted this tool. I'm hoping that @cbouzy's  Spoutible will provide the alternative that we're all looking for and that I find you all there.,,InsightersEd,Faith Rogow,598795606,,en,no,6,49,66,0,0,no,,no,,yes,annecollier,,,,,"podesta_lesley,annecollier,eirliani,cbouzy",,
1.60E+18,1.60E+18,12/8/22 20:32,1670527926,https://twitter.com/shobhasv/status/1600951376212893697,,RT @annecollier: Three of us resigned from Twitterâ€™s Trust &amp; Safety Council today: @eirliani @podesta_lesley and me. Hereâ€™s why https://t.co/h05TblfGIO https://t.co/iqcHvhbgms,,shobhasv,Shobha | à®·à¯‹à®ªà®¾,1.18E+18,,en,no,7310,0,0,0,0,yes,annecollier,no,,no,,,"https://www.netfamilynews.org/members-of-twitters-trust-safety-council-resign-in-protest-against-elon-musks-safety-messages-to-date,https://twitter.com/annecollier/status/1600889250761027585/photo/1",,,"podesta_lesley,annecollier,eirliani",,
1.60E+18,1.60E+18,12/8/22 20:33,1670528027,https://twitter.com/donmoyn/status/1600951797166010368,,"The people Twitter appointed to offer an outside perspective on trust and safety are basically saying that Musk's reassurances on safety can't be trusted.
No doubt Musk will just label them as ""woke"" and move on, but this seems like a big deal. https://t.co/WpmL1U65v4",,donmoyn,Don Moynihan,2804332645,,en,no,99,4,250,2,0,no,,yes,annecollier,no,,,https://twitter.com/annecollier/status/1600889250761027585,,,,,
1.60E+18,1.60E+18,12/8/22 20:34,1670528048,https://twitter.com/ScottPiatkowski/status/1600951885762011139,,"RT @donmoyn: The people Twitter appointed to offer an outside perspective on trust and safety are basically saying that Musk's reassurances on safety can't be trusted.
No doubt Musk will just label them as ""woke"" and move on, but this seems like a big deal. https://t.co/WpmL1U65v4",,ScottPiatkowski,Scott Piatkowski,34774986,,en,no,99,0,0,0,0,yes,donmoyn,no,,no,,,https://twitter.com/annecollier/status/1600889250761027585,,,donmoyn,,
1.60E+18,1.60E+18,12/8/22 20:34,1670528056,https://twitter.com/504spyboy/status/1600951920805421074,,RT @annecollier: Three of us resigned from Twitterâ€™s Trust &amp; Safety Council today: @eirliani @podesta_lesley and me. Hereâ€™s why https://t.co/h05TblfGIO https://t.co/iqcHvhbgms,,504spyboy,Elon Muks-Up ðŸŸ§âšœï¸�ðŸ—½ðŸ‡ºðŸ‡²ðŸ‡ºðŸ‡¦ðŸŒŽðŸŒ�ðŸŒ�,1.50E+18,,en,no,7310,0,0,0,0,yes,annecollier,no,,no,,,"https://www.netfamilynews.org/members-of-twitters-trust-safety-council-resign-in-protest-against-elon-musks-safety-messages-to-date,https://twitter.com/annecollier/status/1600889250761027585/photo/1",,,"podesta_lesley,annecollier,eirliani",,
1.60E+18,1.60E+18,12/8/22 20:34,1670528079,https://twitter.com/Splatterthought/status/1600952017756700672,,"RT @donmoyn: The people Twitter appointed to offer an outside perspective on trust and safety are basically saying that Musk's reassurances on safety can't be trusted.
No doubt Musk will just label them as ""woke"" and move on, but this seems like a big deal. https://t.co/WpmL1U65v4",,Splatterthought,Benj,50202610,,en,no,99,0,0,0,0,yes,donmoyn,no,,no,,,https://twitter.com/annecollier/status/1600889250761027585,,,donmoyn,,
1.60E+18,1.60E+18,12/8/22 20:35,1670528123,https://twitter.com/llarisah/status/1600952198539907073,,"RT @donmoyn: The people Twitter appointed to offer an outside perspective on trust and safety are basically saying that Musk's reassurances on safety can't be trusted.
No doubt Musk will just label them as ""woke"" and move on, but this seems like a big deal. https://t.co/WpmL1U65v4",,llarisah,PCI â€œffsâ€� Prez,21997254,,en,no,99,0,0,0,0,yes,donmoyn,no,,no,,,https://twitter.com/annecollier/status/1600889250761027585,,,donmoyn,,
1.60E+18,1.60E+18,12/8/22 20:35,1670528133,https://twitter.com/lvesckbtch/status/1600952241795452928,,"RT @donmoyn: The people Twitter appointed to offer an outside perspective on trust and safety are basically saying that Musk's reassurances on safety can't be trusted.
No doubt Musk will just label them as ""woke"" and move on, but this seems like a big deal. https://t.co/WpmL1U65v4",,lvesckbtch,Andrew Reich,58730860,,en,no,99,0,0,0,0,yes,donmoyn,no,,no,,,https://twitter.com/annecollier/status/1600889250761027585,,,donmoyn,,
1.60E+18,1.60E+18,12/8/22 20:36,1670528204,https://twitter.com/suzanne_cummins/status/1600952541264900096,,"RT @podesta_lesley: Three of us resigned today. There was a sense that itâ€™s just becoming empty words now, so depressing watching the breakdown of a culture that worked hard to get policies on safety &amp; moderation right @karahinesley @karaswisher @tweetinjules @profgalloway https://t.co/XgHHtu7Zp5",,suzanne_cummins,@Suzanne_Cummins@masthead.social- ðŸ‡ºðŸ‡¦ðŸ’™ðŸ’›,4888751744,,en,no,28,0,0,0,0,yes,podesta_lesley,no,,no,,,https://twitter.com/annecollier/status/1600889250761027585,,,"podesta_lesley,profgalloway,karahinesley,tweetinjules,karaswisher",,
1.60E+18,1.60E+18,12/8/22 20:36,1670528211,https://twitter.com/YourProtagonist/status/1600952569408258048,,RT @annecollier: Three of us resigned from Twitterâ€™s Trust &amp; Safety Council today: @eirliani @podesta_lesley and me. Hereâ€™s why https://t.co/h05TblfGIO https://t.co/iqcHvhbgms,,YourProtagonist,Walter Thompson,15150080,,en,no,7310,0,0,0,0,yes,annecollier,no,,no,,,"https://www.netfamilynews.org/members-of-twitters-trust-safety-council-resign-in-protest-against-elon-musks-safety-messages-to-date,https://twitter.com/annecollier/status/1600889250761027585/photo/1",,,"podesta_lesley,annecollier,eirliani",,
1.60E+18,1.60E+18,12/8/22 20:37,1670528272,https://twitter.com/flokoul/status/1600952825898405889,,WTG @annecollier -- TY for your integrity. https://t.co/s9Y6EZUWbi,,flokoul,flokoul,487670128,,en,no,0,0,1,0,0,no,,yes,annecollier,no,,,https://twitter.com/annecollier/status/1600889250761027585,,,annecollier,,
1.60E+18,1.60E+18,12/8/22 20:38,1670528280,https://twitter.com/MayorWindassery/status/1600952859654488064,,RT @annecollier: Three of us resigned from Twitterâ€™s Trust &amp; Safety Council today: @eirliani @podesta_lesley and me. Hereâ€™s why https://t.co/h05TblfGIO https://t.co/iqcHvhbgms,,MayorWindassery,PrivateSchadenfreude,15831728,,en,no,7310,0,0,0,0,yes,annecollier,no,,no,,,"https://www.netfamilynews.org/members-of-twitters-trust-safety-council-resign-in-protest-against-elon-musks-safety-messages-to-date,https://twitter.com/annecollier/status/1600889250761027585/photo/1",,,"podesta_lesley,annecollier,eirliani",,
1.60E+18,1.60E+18,12/8/22 20:38,1670528295,https://twitter.com/KramerMaestri/status/1600952921373388801,,"RT @donmoyn: The people Twitter appointed to offer an outside perspective on trust and safety are basically saying that Musk's reassurances on safety can't be trusted.
No doubt Musk will just label them as ""woke"" and move on, but this seems like a big deal. https://t.co/WpmL1U65v4",,KramerMaestri,Kramer of the Cosmos,1.54E+18,,en,no,99,0,0,0,0,yes,donmoyn,no,,no,,,https://twitter.com/annecollier/status/1600889250761027585,,,donmoyn,,
1.60E+18,1.60E+18,12/8/22 20:38,1670528333,https://twitter.com/ZakSazerac/status/1600953082711769088,,"RT @donmoyn: The people Twitter appointed to offer an outside perspective on trust and safety are basically saying that Musk's reassurances on safety can't be trusted.
No doubt Musk will just label them as ""woke"" and move on, but this seems like a big deal. https://t.co/WpmL1U65v4",,ZakSazerac,Zak Sazerac,1.52E+18,,en,no,99,0,0,0,0,yes,donmoyn,no,,no,,,https://twitter.com/annecollier/status/1600889250761027585,,,donmoyn,,
1.60E+18,1.60E+18,12/8/22 20:38,1670528339,https://twitter.com/RZaporozhian/status/1600953105780441089,,"RT @donmoyn: The people Twitter appointed to offer an outside perspective on trust and safety are basically saying that Musk's reassurances on safety can't be trusted.
No doubt Musk will just label them as ""woke"" and move on, but this seems like a big deal. https://t.co/WpmL1U65v4",,RZaporozhian,MA SCHOOL BONDS ðŸ‡ºðŸ‡¦,1.30E+18,,en,no,99,0,0,0,0,yes,donmoyn,no,,no,,,https://twitter.com/annecollier/status/1600889250761027585,,,donmoyn,,
1.60E+18,1.60E+18,12/8/22 20:39,1670528344,https://twitter.com/dgotlieb01/status/1600953128123105280,,RT @annecollier: Three of us resigned from Twitterâ€™s Trust &amp; Safety Council today: @eirliani @podesta_lesley and me. Hereâ€™s why https://t.co/h05TblfGIO https://t.co/iqcHvhbgms,,dgotlieb01,Daniel Gotlieb,43265326,,en,no,7310,0,0,0,0,yes,annecollier,no,,no,,,"https://www.netfamilynews.org/members-of-twitters-trust-safety-council-resign-in-protest-against-elon-musks-safety-messages-to-date,https://twitter.com/annecollier/status/1600889250761027585/photo/1",,,"podesta_lesley,annecollier,eirliani",,
1.60E+18,1.60E+18,12/8/22 20:39,1670528345,https://twitter.com/AxelLycan/status/1600953133525393408,,"RT @donmoyn: The people Twitter appointed to offer an outside perspective on trust and safety are basically saying that Musk's reassurances on safety can't be trusted.
No doubt Musk will just label them as ""woke"" and move on, but this seems like a big deal. https://t.co/WpmL1U65v4",,AxelLycan,ð�—”ð�—«ð�—˜ð�—Ÿ ð�—Ÿð�—¬ð�—–ð�—”ð�—¡,1466299884,,en,no,99,0,0,0,0,yes,donmoyn,no,,no,,,https://twitter.com/annecollier/status/1600889250761027585,,,donmoyn,,
1.60E+18,1.60E+18,12/8/22 20:39,1670528354,https://twitter.com/dgotlieb01/status/1600953171085471747,,"RT @donmoyn: The people Twitter appointed to offer an outside perspective on trust and safety are basically saying that Musk's reassurances on safety can't be trusted.
No doubt Musk will just label them as ""woke"" and move on, but this seems like a big deal. https://t.co/WpmL1U65v4",,dgotlieb01,Daniel Gotlieb,43265326,,en,no,99,0,0,0,0,yes,donmoyn,no,,no,,,https://twitter.com/annecollier/status/1600889250761027585,,,donmoyn,,
1.60E+18,1.60E+18,12/8/22 20:39,1670528385,https://twitter.com/SpecterCrums/status/1600953298957131776,,"RT @donmoyn: The people Twitter appointed to offer an outside perspective on trust and safety are basically saying that Musk's reassurances on safety can't be trusted.
No doubt Musk will just label them as ""woke"" and move on, but this seems like a big deal. https://t.co/WpmL1U65v4",,SpecterCrums,Specter,7.51E+17,,en,no,99,0,0,0,0,yes,donmoyn,no,,no,,,https://twitter.com/annecollier/status/1600889250761027585,,,donmoyn,,
1.60E+18,1.60E+18,12/8/22 20:39,1670528398,https://twitter.com/JoaniSparkles/status/1600953355744210947,,"RT @donmoyn: The people Twitter appointed to offer an outside perspective on trust and safety are basically saying that Musk's reassurances on safety can't be trusted.
No doubt Musk will just label them as ""woke"" and move on, but this seems like a big deal. https://t.co/WpmL1U65v4",,JoaniSparkles,"Joani Sparkles AIS, ACS â˜®ï¸�ðŸ˜·",2900139381,,en,no,99,0,0,0,0,yes,donmoyn,no,,no,,,https://twitter.com/annecollier/status/1600889250761027585,,,donmoyn,,
1.60E+18,1.60E+18,12/8/22 20:40,1670528412,https://twitter.com/JoaniSparkles/status/1600953412182736896,,RT @annecollier: Three of us resigned from Twitterâ€™s Trust &amp; Safety Council today: @eirliani @podesta_lesley and me. Hereâ€™s why https://t.co/h05TblfGIO https://t.co/iqcHvhbgms,,JoaniSparkles,"Joani Sparkles AIS, ACS â˜®ï¸�ðŸ˜·",2900139381,,en,no,7310,0,0,0,0,yes,annecollier,no,,no,,,"https://www.netfamilynews.org/members-of-twitters-trust-safety-council-resign-in-protest-against-elon-musks-safety-messages-to-date,https://twitter.com/annecollier/status/1600889250761027585/photo/1",,,"podesta_lesley,annecollier,eirliani",,
1.60E+18,1.60E+18,12/8/22 20:40,1670528424,https://twitter.com/CCraigMillar/status/1600953462996475924,,RT @annecollier: Three of us resigned from Twitterâ€™s Trust &amp; Safety Council today: @eirliani @podesta_lesley and me. Hereâ€™s why https://t.co/h05TblfGIO https://t.co/iqcHvhbgms,,CCraigMillar,Craig Millar,389553032,,en,no,7310,0,0,0,0,yes,annecollier,no,,no,,,"https://www.netfamilynews.org/members-of-twitters-trust-safety-council-resign-in-protest-against-elon-musks-safety-messages-to-date,https://twitter.com/annecollier/status/1600889250761027585/photo/1",,,"podesta_lesley,annecollier,eirliani",,
1.60E+18,1.60E+18,12/8/22 20:40,1670528431,https://twitter.com/LawrenceConnol2/status/1600953490523693057,,"RT @donmoyn: The people Twitter appointed to offer an outside perspective on trust and safety are basically saying that Musk's reassurances on safety can't be trusted.
No doubt Musk will just label them as ""woke"" and move on, but this seems like a big deal. https://t.co/WpmL1U65v4",,LawrenceConnol2,Lawrence Connolly ðŸ‡ºðŸ‡¸ðŸ‡ºðŸ‡¦,3418236657,,en,no,99,0,0,0,0,yes,donmoyn,no,,no,,,https://twitter.com/annecollier/status/1600889250761027585,,,donmoyn,,
1.60E+18,1.60E+18,12/8/22 20:40,1670528434,https://twitter.com/ToughTexasTitty/status/1600953503610212352,,RT @annecollier: Three of us resigned from Twitterâ€™s Trust &amp; Safety Council today: @eirliani @podesta_lesley and me. Hereâ€™s why https://t.co/h05TblfGIO https://t.co/iqcHvhbgms,,ToughTexasTitty,TexasTitty,1.48E+18,,en,no,7310,0,0,0,0,yes,annecollier,no,,no,,,"https://www.netfamilynews.org/members-of-twitters-trust-safety-council-resign-in-protest-against-elon-musks-safety-messages-to-date,https://twitter.com/annecollier/status/1600889250761027585/photo/1",,,"podesta_lesley,annecollier,eirliani",,
1.60E+18,1.60E+18,12/8/22 20:40,1670528450,https://twitter.com/rbhar90/status/1600953570794143745,,RT @annecollier: Three of us resigned from Twitterâ€™s Trust &amp; Safety Council today: @eirliani @podesta_lesley and me. Hereâ€™s why https://t.co/h05TblfGIO https://t.co/iqcHvhbgms,,rbhar90,Bharath Ramsundar,3242991169,,en,no,7310,0,0,0,0,yes,annecollier,no,,no,,,"https://www.netfamilynews.org/members-of-twitters-trust-safety-council-resign-in-protest-against-elon-musks-safety-messages-to-date,https://twitter.com/annecollier/status/1600889250761027585/photo/1",,,"podesta_lesley,annecollier,eirliani",,